Replicate Name,Protein Name,Peptide Sequence,Isotope Label Type,Total Area,Total Area Ratio
F10,MMP9,AVIDDAFAR,light,1,0.0024
F11,MMP9,AVIDDAFAR,light,3978,0.0085
F12,MMP9,AVIDDAFAR,light,21941,3.5222
F13,MMP9,AVIDDAFAR,light,2715,0.228
F16,MMP9,AVIDDAFAR,light,18943,0.0286
F17,MMP9,AVIDDAFAR,light,901,0.0145
F18,MMP9,AVIDDAFAR,light,31452,0.0123
F19,MMP9,AVIDDAFAR,light,52411,0.0139
F20,MMP9,AVIDDAFAR,light,2386,0.0318
F21,MMP9,AVIDDAFAR,light,1029,0.0074
F22,MMP9,AVIDDAFAR,light,5146,0.299
F53,MMP9,AVIDDAFAR,light,5750,1.0905
F54,MMP9,AVIDDAFAR,light,3269,1.1446
F55,MMP9,AVIDDAFAR,light,3279,0.0728
F56,MMP9,AVIDDAFAR,light,463,0.0897
F57,MMP9,AVIDDAFAR,light,1405,0.0108
F61,MMP9,AVIDDAFAR,light,3330,0.359
F62,MMP9,AVIDDAFAR,light,5693601,25.4267
F63,MMP9,AVIDDAFAR,light,196914,1.8085
F64,MMP9,AVIDDAFAR,light,5233,1.2459
F65,MMP9,AVIDDAFAR,light,5505,4.1176
F66,MMP9,AVIDDAFAR,light,1156,0.2014
F67,MMP9,AVIDDAFAR,light,4705,1.6964
F10,MMP9,AVIDDAFAR,heavy,636,#N/A
F11,MMP9,AVIDDAFAR,heavy,466803,#N/A
F12,MMP9,AVIDDAFAR,heavy,6229,#N/A
F13,MMP9,AVIDDAFAR,heavy,11908,#N/A
F16,MMP9,AVIDDAFAR,heavy,662509,#N/A
F17,MMP9,AVIDDAFAR,heavy,62035,#N/A
F18,MMP9,AVIDDAFAR,heavy,2549901,#N/A
F19,MMP9,AVIDDAFAR,heavy,3773020,#N/A
F20,MMP9,AVIDDAFAR,heavy,75095,#N/A
F21,MMP9,AVIDDAFAR,heavy,138378,#N/A
F22,MMP9,AVIDDAFAR,heavy,17208,#N/A
F53,MMP9,AVIDDAFAR,heavy,5273,#N/A
F54,MMP9,AVIDDAFAR,heavy,2856,#N/A
F55,MMP9,AVIDDAFAR,heavy,45039,#N/A
F56,MMP9,AVIDDAFAR,heavy,5162,#N/A
F57,MMP9,AVIDDAFAR,heavy,130503,#N/A
F61,MMP9,AVIDDAFAR,heavy,9277,#N/A
F62,MMP9,AVIDDAFAR,heavy,223922,#N/A
F63,MMP9,AVIDDAFAR,heavy,108880,#N/A
F64,MMP9,AVIDDAFAR,heavy,4201,#N/A
F65,MMP9,AVIDDAFAR,heavy,1337,#N/A
F66,MMP9,AVIDDAFAR,heavy,5741,#N/A
F67,MMP9,AVIDDAFAR,heavy,2773,#N/A
F10,MMP9,FQTFEGDLK,light,21,0.0379
F11,MMP9,FQTFEGDLK,light,7449,1.8218
F12,MMP9,FQTFEGDLK,light,8040,0.1954
F13,MMP9,FQTFEGDLK,light,15753,0.7894
F16,MMP9,FQTFEGDLK,light,2007,0.1006
F17,MMP9,FQTFEGDLK,light,2547,0.0753
F18,MMP9,FQTFEGDLK,light,1688,0.0054
F19,MMP9,FQTFEGDLK,light,5129,0.0024
F20,MMP9,FQTFEGDLK,light,37262,0.0022
F21,MMP9,FQTFEGDLK,light,2889,0.004
F22,MMP9,FQTFEGDLK,light,2218,0.0113
F53,MMP9,FQTFEGDLK,light,73906,0.762
F54,MMP9,FQTFEGDLK,light,1258,0.2531
F55,MMP9,FQTFEGDLK,light,3054,0.8202
F56,MMP9,FQTFEGDLK,light,20140,1.4221
F57,MMP9,FQTFEGDLK,light,4050,1.3397
F61,MMP9,FQTFEGDLK,light,29056,0.3916
F62,MMP9,FQTFEGDLK,light,7934,0.2425
F63,MMP9,FQTFEGDLK,light,691,0.0096
F64,MMP9,FQTFEGDLK,light,7185,0.2361
F65,MMP9,FQTFEGDLK,light,1658,0.7549
F66,MMP9,FQTFEGDLK,light,978,0.7495
F67,MMP9,FQTFEGDLK,light,2960,0.4505
F10,MMP9,FQTFEGDLK,heavy,565,#N/A
F11,MMP9,FQTFEGDLK,heavy,4089,#N/A
F12,MMP9,FQTFEGDLK,heavy,41140,#N/A
F13,MMP9,FQTFEGDLK,heavy,19957,#N/A
F16,MMP9,FQTFEGDLK,heavy,19940,#N/A
F17,MMP9,FQTFEGDLK,heavy,33839,#N/A
F18,MMP9,FQTFEGDLK,heavy,314563,#N/A
F19,MMP9,FQTFEGDLK,heavy,2147123,#N/A
F20,MMP9,FQTFEGDLK,heavy,17222818,#N/A
F21,MMP9,FQTFEGDLK,heavy,722176,#N/A
F22,MMP9,FQTFEGDLK,heavy,197035,#N/A
F53,MMP9,FQTFEGDLK,heavy,96992,#N/A
F54,MMP9,FQTFEGDLK,heavy,4971,#N/A
F55,MMP9,FQTFEGDLK,heavy,3723,#N/A
F56,MMP9,FQTFEGDLK,heavy,14162,#N/A
F57,MMP9,FQTFEGDLK,heavy,3023,#N/A
F61,MMP9,FQTFEGDLK,heavy,74194,#N/A
F62,MMP9,FQTFEGDLK,heavy,32714,#N/A
F63,MMP9,FQTFEGDLK,heavy,71834,#N/A
F64,MMP9,FQTFEGDLK,heavy,30429,#N/A
F65,MMP9,FQTFEGDLK,heavy,2196,#N/A
F66,MMP9,FQTFEGDLK,heavy,1304,#N/A
F67,MMP9,FQTFEGDLK,heavy,6570,#N/A
F10,POSTN,LILQNHILK,light,12,0.0166
F11,POSTN,LILQNHILK,light,634,0.1228
F12,POSTN,LILQNHILK,light,1704,0.4225
F13,POSTN,LILQNHILK,light,9304,1.7153
F16,POSTN,LILQNHILK,light,53563,4.1164
F17,POSTN,LILQNHILK,light,10020,0.4079
F18,POSTN,LILQNHILK,light,7180,0.8789
F19,POSTN,LILQNHILK,light,3286,0.0665
F20,POSTN,LILQNHILK,light,26,0.0123
F21,POSTN,LILQNHILK,light,1440,0.043
F22,POSTN,LILQNHILK,light,2942,0.1785
F53,POSTN,LILQNHILK,light,35107,1.27
F54,POSTN,LILQNHILK,light,3331,0.0992
F55,POSTN,LILQNHILK,light,252116,48.4969
F56,POSTN,LILQNHILK,light,1720,1.5142
F57,POSTN,LILQNHILK,light,963,0.3858
F61,POSTN,LILQNHILK,light,1785,0.5854
F62,POSTN,LILQNHILK,light,2200,0.3433
F63,POSTN,LILQNHILK,light,8534,0.7403
F64,POSTN,LILQNHILK,light,4756,0.5027
F65,POSTN,LILQNHILK,light,88965,0.4139
F66,POSTN,LILQNHILK,light,23505,0.0517
F67,POSTN,LILQNHILK,light,3578,0.0295
F10,POSTN,LILQNHILK,heavy,739,#N/A
F11,POSTN,LILQNHILK,heavy,5166,#N/A
F12,POSTN,LILQNHILK,heavy,4032,#N/A
F13,POSTN,LILQNHILK,heavy,5424,#N/A
F16,POSTN,LILQNHILK,heavy,13012,#N/A
F17,POSTN,LILQNHILK,heavy,24566,#N/A
F18,POSTN,LILQNHILK,heavy,8169,#N/A
F19,POSTN,LILQNHILK,heavy,49447,#N/A
F20,POSTN,LILQNHILK,heavy,2150,#N/A
F21,POSTN,LILQNHILK,heavy,33508,#N/A
F22,POSTN,LILQNHILK,heavy,16486,#N/A
F53,POSTN,LILQNHILK,heavy,27642,#N/A
F54,POSTN,LILQNHILK,heavy,33563,#N/A
F55,POSTN,LILQNHILK,heavy,5199,#N/A
F56,POSTN,LILQNHILK,heavy,1136,#N/A
F57,POSTN,LILQNHILK,heavy,2495,#N/A
F61,POSTN,LILQNHILK,heavy,3050,#N/A
F62,POSTN,LILQNHILK,heavy,6408,#N/A
F63,POSTN,LILQNHILK,heavy,11528,#N/A
F64,POSTN,LILQNHILK,heavy,9461,#N/A
F65,POSTN,LILQNHILK,heavy,214968,#N/A
F66,POSTN,LILQNHILK,heavy,454818,#N/A
F67,POSTN,LILQNHILK,heavy,121475,#N/A
F10,POSTN,AAAITSDILEALGR,light,6,0.0201
F11,POSTN,AAAITSDILEALGR,light,1084,0.1098
F12,POSTN,AAAITSDILEALGR,light,2071,0.035
F13,POSTN,AAAITSDILEALGR,light,158,0.1729
F16,POSTN,AAAITSDILEALGR,light,5661,4.2683
F17,POSTN,AAAITSDILEALGR,light,244,0.3648
F18,POSTN,AAAITSDILEALGR,light,380,0.5256
F19,POSTN,AAAITSDILEALGR,light,143,0.1508
F20,POSTN,AAAITSDILEALGR,light,384,0.0341
F21,POSTN,AAAITSDILEALGR,light,201,0.3232
F22,POSTN,AAAITSDILEALGR,light,957,0.183
F53,POSTN,AAAITSDILEALGR,light,1851,0.4874
F54,POSTN,AAAITSDILEALGR,light,1221,0.0258
F55,POSTN,AAAITSDILEALGR,light,137210,0.1227
F56,POSTN,AAAITSDILEALGR,light,18939,0.1552
F57,POSTN,AAAITSDILEALGR,light,655,0.0056
F61,POSTN,AAAITSDILEALGR,light,3386,0.1358
F62,POSTN,AAAITSDILEALGR,light,1322,0.347
F63,POSTN,AAAITSDILEALGR,light,6822,0.8072
F64,POSTN,AAAITSDILEALGR,light,912,0.5809
F65,POSTN,AAAITSDILEALGR,light,144,0.0304
F66,POSTN,AAAITSDILEALGR,light,570,0.0104
F67,POSTN,AAAITSDILEALGR,light,981,0.0024
F10,POSTN,AAAITSDILEALGR,heavy,312,#N/A
F11,POSTN,AAAITSDILEALGR,heavy,9871,#N/A
F12,POSTN,AAAITSDILEALGR,heavy,59097,#N/A
F13,POSTN,AAAITSDILEALGR,heavy,913,#N/A
F16,POSTN,AAAITSDILEALGR,heavy,1326,#N/A
F17,POSTN,AAAITSDILEALGR,heavy,668,#N/A
F18,POSTN,AAAITSDILEALGR,heavy,723,#N/A
F19,POSTN,AAAITSDILEALGR,heavy,952,#N/A
F20,POSTN,AAAITSDILEALGR,heavy,11278,#N/A
F21,POSTN,AAAITSDILEALGR,heavy,621,#N/A
F22,POSTN,AAAITSDILEALGR,heavy,5228,#N/A
F53,POSTN,AAAITSDILEALGR,heavy,3798,#N/A
F54,POSTN,AAAITSDILEALGR,heavy,47365,#N/A
F55,POSTN,AAAITSDILEALGR,heavy,1118341,#N/A
F56,POSTN,AAAITSDILEALGR,heavy,122018,#N/A
F57,POSTN,AAAITSDILEALGR,heavy,117571,#N/A
F61,POSTN,AAAITSDILEALGR,heavy,24936,#N/A
F62,POSTN,AAAITSDILEALGR,heavy,3810,#N/A
F63,POSTN,AAAITSDILEALGR,heavy,8452,#N/A
F64,POSTN,AAAITSDILEALGR,heavy,1570,#N/A
F65,POSTN,AAAITSDILEALGR,heavy,4747,#N/A
F66,POSTN,AAAITSDILEALGR,heavy,54884,#N/A
F67,POSTN,AAAITSDILEALGR,heavy,405008,#N/A
F10,KLK6,LSELIQPLPLER,light,2,0.0034
F11,KLK6,LSELIQPLPLER,light,721,0.0267
F12,KLK6,LSELIQPLPLER,light,2004,0.3857
F13,KLK6,LSELIQPLPLER,light,627,0.4565
F16,KLK6,LSELIQPLPLER,light,2569,0.1001
F17,KLK6,LSELIQPLPLER,light,1635,0.0768
F18,KLK6,LSELIQPLPLER,light,1811,0.1984
F19,KLK6,LSELIQPLPLER,light,1301,0.1322
F20,KLK6,LSELIQPLPLER,light,418,0.4449
F21,KLK6,LSELIQPLPLER,light,809,0.6096
F22,KLK6,LSELIQPLPLER,light,891,0.0749
F53,KLK6,LSELIQPLPLER,light,8614,0.0002
F54,KLK6,LSELIQPLPLER,light,11545,0.0002
F55,KLK6,LSELIQPLPLER,light,416,0.0004
F56,KLK6,LSELIQPLPLER,light,141,0.0003
F57,KLK6,LSELIQPLPLER,light,340,0.0015
F61,KLK6,LSELIQPLPLER,light,1232,0.0199
F62,KLK6,LSELIQPLPLER,light,4554,0.1147
F63,KLK6,LSELIQPLPLER,light,1981,0.0579
F64,KLK6,LSELIQPLPLER,light,1801,0.0587
F65,KLK6,LSELIQPLPLER,light,20924,0.7249
F66,KLK6,LSELIQPLPLER,light,175,0.0122
F67,KLK6,LSELIQPLPLER,light,1527,0.1059
F10,KLK6,LSELIQPLPLER,heavy,445,#N/A
F11,KLK6,LSELIQPLPLER,heavy,27032,#N/A
F12,KLK6,LSELIQPLPLER,heavy,5196,#N/A
F13,KLK6,LSELIQPLPLER,heavy,1374,#N/A
F16,KLK6,LSELIQPLPLER,heavy,25654,#N/A
F17,KLK6,LSELIQPLPLER,heavy,21275,#N/A
F18,KLK6,LSELIQPLPLER,heavy,9128,#N/A
F19,KLK6,LSELIQPLPLER,heavy,9844,#N/A
F20,KLK6,LSELIQPLPLER,heavy,939,#N/A
F21,KLK6,LSELIQPLPLER,heavy,1327,#N/A
F22,KLK6,LSELIQPLPLER,heavy,11889,#N/A
F53,KLK6,LSELIQPLPLER,heavy,40528592,#N/A
F54,KLK6,LSELIQPLPLER,heavy,51177792,#N/A
F55,KLK6,LSELIQPLPLER,heavy,1046935,#N/A
F56,KLK6,LSELIQPLPLER,heavy,425964,#N/A
F57,KLK6,LSELIQPLPLER,heavy,222185,#N/A
F61,KLK6,LSELIQPLPLER,heavy,62014,#N/A
F62,KLK6,LSELIQPLPLER,heavy,39714,#N/A
F63,KLK6,LSELIQPLPLER,heavy,34234,#N/A
F64,KLK6,LSELIQPLPLER,heavy,30679,#N/A
F65,KLK6,LSELIQPLPLER,heavy,28863,#N/A
F66,KLK6,LSELIQPLPLER,heavy,14321,#N/A
F67,KLK6,LSELIQPLPLER,heavy,14418,#N/A
F10,KLK6,ESSQEQSSVVR,light,37,0.0624
F11,KLK6,ESSQEQSSVVR,light,3930,0.0018
F12,KLK6,ESSQEQSSVVR,light,3170,0.0434
F13,KLK6,ESSQEQSSVVR,light,6766,0.0407
F16,KLK6,ESSQEQSSVVR,light,22945,0.6497
F17,KLK6,ESSQEQSSVVR,light,3851,0.0285
F18,KLK6,ESSQEQSSVVR,light,1802,0.068
F19,KLK6,ESSQEQSSVVR,light,63,0.0043
F20,KLK6,ESSQEQSSVVR,light,5119,1.3071
F21,KLK6,ESSQEQSSVVR,light,455,0.1292
F22,KLK6,ESSQEQSSVVR,light,2194,0.016
F53,KLK6,ESSQEQSSVVR,light,113982328,1264.9496
F54,KLK6,ESSQEQSSVVR,light,70046,4.9278
F55,KLK6,ESSQEQSSVVR,light,166398,22.9947
F56,KLK6,ESSQEQSSVVR,light,10325,4.7987
F57,KLK6,ESSQEQSSVVR,light,8610,1.6095
F61,KLK6,ESSQEQSSVVR,light,5447,1.8148
F62,KLK6,ESSQEQSSVVR,light,12280,1.0959
F63,KLK6,ESSQEQSSVVR,light,1327,0.5917
F64,KLK6,ESSQEQSSVVR,light,1759,0.7491
F65,KLK6,ESSQEQSSVVR,light,4496,0.0882
F66,KLK6,ESSQEQSSVVR,light,5144,0.6489
F67,KLK6,ESSQEQSSVVR,light,673,0.1825
F10,KLK6,ESSQEQSSVVR,heavy,589,#N/A
F11,KLK6,ESSQEQSSVVR,heavy,2185058,#N/A
F12,KLK6,ESSQEQSSVVR,heavy,73112,#N/A
F13,KLK6,ESSQEQSSVVR,heavy,166228,#N/A
F16,KLK6,ESSQEQSSVVR,heavy,35317,#N/A
F17,KLK6,ESSQEQSSVVR,heavy,135283,#N/A
F18,KLK6,ESSQEQSSVVR,heavy,26493,#N/A
F19,KLK6,ESSQEQSSVVR,heavy,14621,#N/A
F20,KLK6,ESSQEQSSVVR,heavy,3916,#N/A
F21,KLK6,ESSQEQSSVVR,heavy,3523,#N/A
F22,KLK6,ESSQEQSSVVR,heavy,137167,#N/A
F53,KLK6,ESSQEQSSVVR,heavy,90108,#N/A
F54,KLK6,ESSQEQSSVVR,heavy,14214,#N/A
F55,KLK6,ESSQEQSSVVR,heavy,7236,#N/A
F56,KLK6,ESSQEQSSVVR,heavy,2152,#N/A
F57,KLK6,ESSQEQSSVVR,heavy,5350,#N/A
F61,KLK6,ESSQEQSSVVR,heavy,3002,#N/A
F62,KLK6,ESSQEQSSVVR,heavy,11205,#N/A
F63,KLK6,ESSQEQSSVVR,heavy,2242,#N/A
F64,KLK6,ESSQEQSSVVR,heavy,2348,#N/A
F65,KLK6,ESSQEQSSVVR,heavy,50973,#N/A
F66,KLK6,ESSQEQSSVVR,heavy,7928,#N/A
F67,KLK6,ESSQEQSSVVR,heavy,3689,#N/A
F10,EGFR,LTQLGTFEDHFLSLQR,light,13,0.0118
F11,EGFR,LTQLGTFEDHFLSLQR,light,37224,1.2305
F12,EGFR,LTQLGTFEDHFLSLQR,light,10705,0.4817
F13,EGFR,LTQLGTFEDHFLSLQR,light,3430,0.1046
F16,EGFR,LTQLGTFEDHFLSLQR,light,2880,0.223
F17,EGFR,LTQLGTFEDHFLSLQR,light,5379,0.1
F18,EGFR,LTQLGTFEDHFLSLQR,light,3258,0.2253
F19,EGFR,LTQLGTFEDHFLSLQR,light,13549,0.6792
F20,EGFR,LTQLGTFEDHFLSLQR,light,3229,0.0917
F21,EGFR,LTQLGTFEDHFLSLQR,light,10190,1.2655
F22,EGFR,LTQLGTFEDHFLSLQR,light,46964,0.2078
F53,EGFR,LTQLGTFEDHFLSLQR,light,2344,0.3691
F54,EGFR,LTQLGTFEDHFLSLQR,light,2880,0.0831
F55,EGFR,LTQLGTFEDHFLSLQR,light,708,0.0301
F56,EGFR,LTQLGTFEDHFLSLQR,light,856,0.0744
F57,EGFR,LTQLGTFEDHFLSLQR,light,816,0.0148
F61,EGFR,LTQLGTFEDHFLSLQR,light,5398,0.0297
F62,EGFR,LTQLGTFEDHFLSLQR,light,5342,0.0085
F63,EGFR,LTQLGTFEDHFLSLQR,light,164755,0.01
F64,EGFR,LTQLGTFEDHFLSLQR,light,9610,0.012
F65,EGFR,LTQLGTFEDHFLSLQR,light,1347,0.0115
F66,EGFR,LTQLGTFEDHFLSLQR,light,1478,0.044
F67,EGFR,LTQLGTFEDHFLSLQR,light,62,0.0015
F10,EGFR,LTQLGTFEDHFLSLQR,heavy,1099,#N/A
F11,EGFR,LTQLGTFEDHFLSLQR,heavy,30252,#N/A
F12,EGFR,LTQLGTFEDHFLSLQR,heavy,22221,#N/A
F13,EGFR,LTQLGTFEDHFLSLQR,heavy,32782,#N/A
F16,EGFR,LTQLGTFEDHFLSLQR,heavy,12914,#N/A
F17,EGFR,LTQLGTFEDHFLSLQR,heavy,53810,#N/A
F18,EGFR,LTQLGTFEDHFLSLQR,heavy,14464,#N/A
F19,EGFR,LTQLGTFEDHFLSLQR,heavy,19948,#N/A
F20,EGFR,LTQLGTFEDHFLSLQR,heavy,35216,#N/A
F21,EGFR,LTQLGTFEDHFLSLQR,heavy,8052,#N/A
F22,EGFR,LTQLGTFEDHFLSLQR,heavy,225955,#N/A
F53,EGFR,LTQLGTFEDHFLSLQR,heavy,6352,#N/A
F54,EGFR,LTQLGTFEDHFLSLQR,heavy,34675,#N/A
F55,EGFR,LTQLGTFEDHFLSLQR,heavy,23504,#N/A
F56,EGFR,LTQLGTFEDHFLSLQR,heavy,11504,#N/A
F57,EGFR,LTQLGTFEDHFLSLQR,heavy,55265,#N/A
F61,EGFR,LTQLGTFEDHFLSLQR,heavy,181958,#N/A
F62,EGFR,LTQLGTFEDHFLSLQR,heavy,625664,#N/A
F63,EGFR,LTQLGTFEDHFLSLQR,heavy,16539660,#N/A
F64,EGFR,LTQLGTFEDHFLSLQR,heavy,798542,#N/A
F65,EGFR,LTQLGTFEDHFLSLQR,heavy,117234,#N/A
F66,EGFR,LTQLGTFEDHFLSLQR,heavy,33583,#N/A
F67,EGFR,LTQLGTFEDHFLSLQR,heavy,40775,#N/A
F10,EGFR,NLQEILHGAVR,light,65,0.1808
F11,EGFR,NLQEILHGAVR,light,4445,1.3344
F12,EGFR,NLQEILHGAVR,light,3652,0.3203
F13,EGFR,NLQEILHGAVR,light,1525,0.2549
F16,EGFR,NLQEILHGAVR,light,1539,1.2603
F17,EGFR,NLQEILHGAVR,light,4680,0.7908
F18,EGFR,NLQEILHGAVR,light,365,0.2516
F19,EGFR,NLQEILHGAVR,light,1671,0.2103
F20,EGFR,NLQEILHGAVR,light,219,0.0869
F21,EGFR,NLQEILHGAVR,light,1258,1.1437
F22,EGFR,NLQEILHGAVR,light,375,0.1645
F53,EGFR,NLQEILHGAVR,light,5236,0.0268
F54,EGFR,NLQEILHGAVR,light,10421,0.002
F55,EGFR,NLQEILHGAVR,light,4527,0.0218
F56,EGFR,NLQEILHGAVR,light,158,0.0084
F57,EGFR,NLQEILHGAVR,light,292,0.0188
F61,EGFR,NLQEILHGAVR,light,474,0.0554
F62,EGFR,NLQEILHGAVR,light,1138,0.1646
F63,EGFR,NLQEILHGAVR,light,728,0.494
F64,EGFR,NLQEILHGAVR,light,312,0.0579
F65,EGFR,NLQEILHGAVR,light,767,0.2136
F66,EGFR,NLQEILHGAVR,light,7108,0.8344
F67,EGFR,NLQEILHGAVR,light,652,0.0518
F10,EGFR,NLQEILHGAVR,heavy,362,#N/A
F11,EGFR,NLQEILHGAVR,heavy,3331,#N/A
F12,EGFR,NLQEILHGAVR,heavy,11401,#N/A
F13,EGFR,NLQEILHGAVR,heavy,5981,#N/A
F16,EGFR,NLQEILHGAVR,heavy,1221,#N/A
F17,EGFR,NLQEILHGAVR,heavy,5919,#N/A
F18,EGFR,NLQEILHGAVR,heavy,1450,#N/A
F19,EGFR,NLQEILHGAVR,heavy,7943,#N/A
F20,EGFR,NLQEILHGAVR,heavy,2516,#N/A
F21,EGFR,NLQEILHGAVR,heavy,1100,#N/A
F22,EGFR,NLQEILHGAVR,heavy,2281,#N/A
F53,EGFR,NLQEILHGAVR,heavy,195077,#N/A
F54,EGFR,NLQEILHGAVR,heavy,5214919,#N/A
F55,EGFR,NLQEILHGAVR,heavy,208037,#N/A
F56,EGFR,NLQEILHGAVR,heavy,18893,#N/A
F57,EGFR,NLQEILHGAVR,heavy,15517,#N/A
F61,EGFR,NLQEILHGAVR,heavy,8565,#N/A
F62,EGFR,NLQEILHGAVR,heavy,6916,#N/A
F63,EGFR,NLQEILHGAVR,heavy,1473,#N/A
F64,EGFR,NLQEILHGAVR,heavy,5393,#N/A
F65,EGFR,NLQEILHGAVR,heavy,3593,#N/A
F66,EGFR,NLQEILHGAVR,heavy,8519,#N/A
F67,EGFR,NLQEILHGAVR,heavy,12584,#N/A
F10,Follistain,SIGLAYEGK,light,89,0.1157
F11,Follistain,SIGLAYEGK,light,20736,0.5056
F12,Follistain,SIGLAYEGK,light,4713,0.0703
F13,Follistain,SIGLAYEGK,light,3208,0.0403
F16,Follistain,SIGLAYEGK,light,34060,0.3227
F17,Follistain,SIGLAYEGK,light,19236,0.355
F18,Follistain,SIGLAYEGK,light,52884,3.7214
F19,Follistain,SIGLAYEGK,light,120155,1.9209
F20,Follistain,SIGLAYEGK,light,11036,0.0038
F21,Follistain,SIGLAYEGK,light,11918,0.0017
F22,Follistain,SIGLAYEGK,light,6599,0.0509
F53,Follistain,SIGLAYEGK,light,6982,0.7223
F54,Follistain,SIGLAYEGK,light,6617,0.0397
F55,Follistain,SIGLAYEGK,light,3839,0.016
F56,Follistain,SIGLAYEGK,light,919,0.2921
F57,Follistain,SIGLAYEGK,light,4382,0.0464
F61,Follistain,SIGLAYEGK,light,4331,0.0995
F62,Follistain,SIGLAYEGK,light,386,0.0026
F63,Follistain,SIGLAYEGK,light,10079,0.021
F64,Follistain,SIGLAYEGK,light,382,0.1256
F65,Follistain,SIGLAYEGK,light,165,0.0684
F66,Follistain,SIGLAYEGK,light,125,0.0415
F67,Follistain,SIGLAYEGK,light,1417,0.2079
F10,Follistain,SIGLAYEGK,heavy,768,#N/A
F11,Follistain,SIGLAYEGK,heavy,41010,#N/A
F12,Follistain,SIGLAYEGK,heavy,67022,#N/A
F13,Follistain,SIGLAYEGK,heavy,79607,#N/A
F16,Follistain,SIGLAYEGK,heavy,105545,#N/A
F17,Follistain,SIGLAYEGK,heavy,54182,#N/A
F18,Follistain,SIGLAYEGK,heavy,14211,#N/A
F19,Follistain,SIGLAYEGK,heavy,62551,#N/A
F20,Follistain,SIGLAYEGK,heavy,2881175,#N/A
F21,Follistain,SIGLAYEGK,heavy,6947394,#N/A
F22,Follistain,SIGLAYEGK,heavy,129735,#N/A
F53,Follistain,SIGLAYEGK,heavy,9666,#N/A
F54,Follistain,SIGLAYEGK,heavy,166617,#N/A
F55,Follistain,SIGLAYEGK,heavy,240492,#N/A
F56,Follistain,SIGLAYEGK,heavy,3145,#N/A
F57,Follistain,SIGLAYEGK,heavy,94502,#N/A
F61,Follistain,SIGLAYEGK,heavy,43542,#N/A
F62,Follistain,SIGLAYEGK,heavy,146317,#N/A
F63,Follistain,SIGLAYEGK,heavy,478850,#N/A
F64,Follistain,SIGLAYEGK,heavy,3043,#N/A
F65,Follistain,SIGLAYEGK,heavy,2407,#N/A
F66,Follistain,SIGLAYEGK,heavy,3015,#N/A
F67,Follistain,SIGLAYEGK,heavy,6814,#N/A
F10,Follistain,CSLCDELCPDSK,light,11,0.0152
F11,Follistain,CSLCDELCPDSK,light,3596,0.0379
F12,Follistain,CSLCDELCPDSK,light,2815,0.001
F13,Follistain,CSLCDELCPDSK,light,2521,0.1625
F16,Follistain,CSLCDELCPDSK,light,2015,0.115
F17,Follistain,CSLCDELCPDSK,light,729,0.3734
F18,Follistain,CSLCDELCPDSK,light,635,0.1301
F19,Follistain,CSLCDELCPDSK,light,507,0.0506
F20,Follistain,CSLCDELCPDSK,light,701,0.2339
F21,Follistain,CSLCDELCPDSK,light,1038,0.2668
F22,Follistain,CSLCDELCPDSK,light,1829,0.0083
F53,Follistain,CSLCDELCPDSK,light,662,0.3136
F54,Follistain,CSLCDELCPDSK,light,2408,0.3607
F55,Follistain,CSLCDELCPDSK,light,719,0.3151
F56,Follistain,CSLCDELCPDSK,light,1819,0.7445
F57,Follistain,CSLCDELCPDSK,light,1274,0.0593
F61,Follistain,CSLCDELCPDSK,light,1175,0.7574
F62,Follistain,CSLCDELCPDSK,light,315,0.0727
F63,Follistain,CSLCDELCPDSK,light,1610,0.0263
F64,Follistain,CSLCDELCPDSK,light,1202,0.0508
F65,Follistain,CSLCDELCPDSK,light,269,0.2358
F66,Follistain,CSLCDELCPDSK,light,4747,1.3426
F67,Follistain,CSLCDELCPDSK,light,10207,4.3895
F10,Follistain,CSLCDELCPDSK,heavy,725,#N/A
F11,Follistain,CSLCDELCPDSK,heavy,94798,#N/A
F12,Follistain,CSLCDELCPDSK,heavy,2820503,#N/A
F13,Follistain,CSLCDELCPDSK,heavy,15513,#N/A
F16,Follistain,CSLCDELCPDSK,heavy,17518,#N/A
F17,Follistain,CSLCDELCPDSK,heavy,1952,#N/A
F18,Follistain,CSLCDELCPDSK,heavy,4876,#N/A
F19,Follistain,CSLCDELCPDSK,heavy,10019,#N/A
F20,Follistain,CSLCDELCPDSK,heavy,2996,#N/A
F21,Follistain,CSLCDELCPDSK,heavy,3891,#N/A
F22,Follistain,CSLCDELCPDSK,heavy,220716,#N/A
F53,Follistain,CSLCDELCPDSK,heavy,2110,#N/A
F54,Follistain,CSLCDELCPDSK,heavy,6675,#N/A
F55,Follistain,CSLCDELCPDSK,heavy,2282,#N/A
F56,Follistain,CSLCDELCPDSK,heavy,2444,#N/A
F57,Follistain,CSLCDELCPDSK,heavy,21496,#N/A
F61,Follistain,CSLCDELCPDSK,heavy,1552,#N/A
F62,Follistain,CSLCDELCPDSK,heavy,4339,#N/A
F63,Follistain,CSLCDELCPDSK,heavy,61207,#N/A
F64,Follistain,CSLCDELCPDSK,heavy,23649,#N/A
F65,Follistain,CSLCDELCPDSK,heavy,1142,#N/A
F66,Follistain,CSLCDELCPDSK,heavy,3536,#N/A
F67,Follistain,CSLCDELCPDSK,heavy,2325,#N/A
